[
 {
 "domain":"",
 "urlJS":"document.getElementsByTagName('video')[0].src",
 "titleJS":"document.title",
 "isLogin":"'0'",
 "loginable":false,
 "website":"default"
 },
 {
  "domain":"http://www.youku.com",
  "urlJS":"function f(){src='';if(window.BuildVideoInfo&&window.BuildVideoInfo._videoInfo&&window.BuildVideoInfo._videoInfo.src){src=window.BuildVideoInfo._videoInfo.src}if(src==''){e=document.getElementsByTagName('video');if(e.length){src=e[0].src;}}if(src!=''){src=src.concat('&type=mp4');if(src.indexOf('http')!=0){src='http:'.concat(src);}return src;} return '';} f();",
  "titleJS":"function t(){n='';if(window.videoTitle){n=window.videoTitle;}if(n==''){e=document.getElementsByClassName('x-title');if(e.length){n=e[0].textContent;}}if(n==''){n=document.title}return n;} t();",
  "isLogin":"function f(){l=document.cookie.split('; ');for(v in l){if(l[v].indexOf('u=')==0){return '1';}}return '0';} f();",
  "loginable":true,
  "website":"优酷"
 },
 {
  "domain":"http://tv.sohu.com",
  "urlJS":"function f(){src='';if(window.videoData&&window.videoData.urls&&window.videoData.urls.m3u8){/*e=videoData.urls.m3u8.sup;if(e&&e.length>0){src=e[0];}*/if(src==''){e=videoData.urls.m3u8.hig;if(e&&e.length>0){src=e[0];}}if(src==''){e=videoData.urls.m3u8.nor;if(e&&e.length>0){src=e[0];}}}if(src==''){if(window.PlayerConfig&&window.PlayerConfig.m3u8){src=window.PlayerConfig.m3u8;}}if(src==''){e=document.getElementsByClassName('x-player');if(e.length){src=e[0].src;}}return src;} f();",
  "titleJS":"function t(){t='';if(window.videoData&&window.videoData.videoName){t=window.videoData.videoName;}if(t==''){t=document.title;}return t;} t();",
  "isLogin":"function f(){l=document.cookie.split('; ');for(v in l){if(l[v].indexOf('ppinf=')==0){return '1';}}return '0';} f();",
  "loginable":true,
  "website":"搜狐视频"
 },
 {
  "domain":"http://www.iqiyi.com",
  "urlJS":"function f(){src='';e=document.getElementById('video');if(e){src=e.src}return src;} f();",
  "titleJS":"function t(){if(window.Qiyi && window.Qiyi.PageInfo && window.Qiyi.PageInfo.playInfo && window.Qiyi.PageInfo.playInfo.videoName){return window.Qiyi.PageInfo.playInfo.videoName;}else{return document.title;}} t();",
  "isLogin":"function f(){l=document.cookie.split('; ');for(v in l){if(l[v].indexOf('P00002=')==0){return '1';}}return '0';} f();",
  "loginable":true,
  "website":"爱奇艺"
 },
 {
  "domain":"http://www.letv.com",
  "urlJS":"document.getElementsByTagName('video')[0].src.replace('ostype=macos','')",
  "titleJS":"document.getElementsByName('keywords')[0].content.split(',')[0]",
  "website":"乐视"
 },
 {
 "domain":"http://www.bilibili.com",
 "urlJS":"function f(){if(window.html5data&&window.html5data.src){return window.html5data.src;}else{return '';}} f();",
 "titleJS":"function t(){if(window.shareConfig&&window.shareConfig.title){return window.shareConfig.title;}else{return document.title;}} t();",
 "website":"哔哩哔哩弹幕视频网"
 },
 {
 "domain":"http://www.acfun.tv",
 "urlJS":"function f(){src='';e=player.document.getElementsByTagName('video');if(e.length){src=e[0].src;}return src;} f();",
 "titleJS":"document.title",
 "website":"AcFun弹幕视频网"
 },
 {
 "domain":"https://www.vimeo.com",
 "urlJS":"document.getElementsByTagName('video')[0].src",
 "titleJS":"document.getElementsByTagName('video')[0].title",
 "website":"Vimeo"
 }
]
