[
 /*{
  "domain":"http://www.youku.com",
  "JS":"document.getElementById('youku-html5player-video').src",
  "website":"优酷"
 },
 {
  "domain":"http://www.iqiyi.com",
  "JS":"document.getElementsByTagName('video')[0].src",
  "website":"爱奇艺"
 },
 {
  "domain":"http://www.letv.com",
  "JS":"document.getElementsByTagName('video')[0].src.replace('ostype=macos','')",
  "website":"乐视"
 },
 {
  "domain":"https://www.youtube.com",
  "JS":"koya.onEvent(1, '26_2');document.getElementsByTagName('video')[0].src",
  "website":"youtube"
 },
 {
  "domain":"http://www.sohu.com",
  "JS":"function getURL(){src=MainPlayer.videoData.url_blue;if(src) return src;src=MainPlayer.videoData.urls.m3u8.sup[0];if(src!=null) return src;src=MainPlayer.videoData.urls.m3u8.hig[0];if(src!=null) return src;src=MainPlayer.videoData.urls.m3u8.nor[0];if(src!=null) return src;}getURL();",
  "website":"搜狐视频"
 }*/
]